<application>
  <component name="KeymapFlagsStorage">
    <option name="keymapToDescriptor">
      <map>
        <entry key="ReSharper + vim">
          <value>
            <list />
          </value>
        </entry>
        <entry key="ReSharper copy">
          <value>
            <list />
          </value>
        </entry>
        <entry key="ReSharper jukan">
          <value>
            <list />
          </value>
        </entry>
        <entry key="ReSharper vim">
          <value>
            <list />
          </value>
        </entry>
        <entry key="Resharper like scheme">
          <value>
            <list />
          </value>
        </entry>
      </map>
    </option>
  </component>
</application>